{"Height": 180, "Waist": 105.8367662658156, "Neck": 36.622827020625, "Cuff": 14.815578435419411, "Shoulder": 33.10083606247246, "Arm": 56.35861409908306}