Name, MSE, MAPE
Sathiya_initial,86.8617310863552,85.15728964105134