{"Height": 180.0, "Waist": 99.70541024600216, "Neck": 46.66479740694818, "Cuff": 17.060866481616735, "Shoulder": 31.919071274708127, "Arm": 56.952525568490806}