{"Height": 179.0, "Waist": 99.15149130019104, "Neck": 46.40554853246513, "Cuff": 16.966083890052197, "Shoulder": 31.74174310095975, "Arm": 56.63612264866585, "feedback": ""}