{"Height": 169.0, "Waist": 107.50177363311774, "Neck": 48.110235246796655, "Cuff": 16.565490544771492, "Shoulder": 30.37614302211754, "Arm": 52.98426526124409, "feedback": ""}