{"Height": 170.0, "Waist": 121.41333280377057, "Neck": 57.08501413454174, "Cuff": 30.337155057984717, "Shoulder": 33.333333333333336, "Arm": 46.81467648692927}