{"Height": 598.0, "Waist": 405.26720608404264, "Neck": 156.09134409495547, "Cuff": 82.95936266067423, "Shoulder": 117.33061842587882, "Arm": 179.4446519620592, "feedback": ""}