{"Height": 170.0, "Waist": 115.20974086001213, "Neck": 44.37379347181009, "Cuff": 23.583765304873943, "Shoulder": 33.35485808093545, "Arm": 51.01269370158873, "feedback": ""}